/*
 Navicat Premium Data Transfer

 Source Server         : Iocalhost
 Source Server Type    : MySQL
 Source Server Version : 50710
 Source Host           : localhost
 Source Database       : lost_found

 Target Server Type    : MySQL
 Target Server Version : 50710
 File Encoding         : utf-8

 Date: 02/01/2016 15:46:49 PM
*/

SET NAMES utf8;
SET FOREIGN_KEY_CHECKS = 0;

-- ----------------------------
--  Table structure for `Found`
-- ----------------------------
DROP TABLE IF EXISTS `Found`;
CREATE TABLE `Found` (
  `item_id` int(8) NOT NULL AUTO_INCREMENT,
  `student_id` varchar(20) NOT NULL COMMENT '发布人学号',
  `release_name` varchar(20) NOT NULL COMMENT '发布人姓名',
  `tel` varchar(15) NOT NULL COMMENT '电话',
  `item_name` varchar(40) NOT NULL COMMENT '物品名称',
  `type_id` int(8) NOT NULL COMMENT '物品类型id',
  `position` varchar(300) DEFAULT NULL COMMENT '捡到的地点',
  `time` varchar(40) DEFAULT NULL,
  `detail` varchar(500) DEFAULT NULL COMMENT '物品描述',
  `inform_id` int(8) NOT NULL,
  `inform_change_person` varchar(20) NOT NULL,
  `inform_change_time` datetime NOT NULL,
  `receive_id` int(8) NOT NULL,
  `receive_change_person` varchar(20) NOT NULL,
  `receive_change_time` datetime NOT NULL,
  `uploadphotos` varchar(40) DEFAULT NULL,
  PRIMARY KEY (`item_id`)
) ENGINE=MyISAM AUTO_INCREMENT=38 DEFAULT CHARSET=utf8;

-- ----------------------------
--  Records of `Found`
-- ----------------------------
BEGIN;
INSERT INTO `Found` VALUES ('1', 'B14020229', '蔡宇轩', '18251979790', '智商', '1', '食堂', '2016-01-23 18:00:29', '卡号110201401074300', '0', '大狗熊', '2016-01-23 18:05:34', '0', 'System', '2016-01-23 18:02:00', null), ('2', 'B15010601', '王大锤', '18251979790', 'U盘', '2', '食堂', '2016-01-23 18:00:29', 'textarea竟然没有value属性= =', '1', '蔡宇轩', '2016-01-23 18:05:34', '0', 'System', '2016-01-23 18:02:00', ''), ('3', 'B14020229', '蔡宇轩', '18251979790', '野猪', '1', '多吃蔬菜时代', '2016-01-23 18:00:29', '卡号110201401074300', '1', '蔡宇轩', '2016-01-23 18:05:34', '1', 'System', '2016-01-23 18:02:00', null), ('4', 'B14020229', '蔡宇轩', '18251979790', '校园卡', '3', '食堂', '2016-01-23 18:00:29', '卡号110201401074300', '1', '蔡宇轩', '2016-01-23 18:05:34', '0', 'System', '2016-01-23 18:02:00', null), ('5', 'B14036261', '二狗', '18251979790', '校园卡', '2', '江西省超能警察', '2016-01-23 18:00:29', '卡号110201401074300', '1', '蔡宇轩', '2016-01-23 18:05:34', '1', 'System', '2016-01-23 18:02:00', null), ('6', 'B14020229', '蔡宇轩', '18251979790', '柴犬', '1', '食堂', '2016-01-23 18:00:29', '卡号110201401074300', '0', '夜宵', '2016-01-23 18:05:34', '0', 'System', '2016-01-23 18:02:00', null), ('7', 'B14020229', '蔡宇轩', '18251979790', '大象', '1', '食堂', '2016-01-23 18:00:29', '卡号110201401074300', '0', '野猪', '2016-01-23 18:05:34', '0', 'System', '2016-01-23 18:02:00', null), ('8', 'B14020229', '蔡宇轩', '18251979790', '狗屎', '1', '食堂', '2016-01-23 18:00:29', '卡号110201401074300', '1', '大象', '2016-01-23 18:05:34', '0', 'System', '2016-01-23 18:02:00', null), ('9', 'B14020229', '蔡宇轩', '18251979790', '智商', '6', '教三', '2016-01-23 18:00:29', '卡号110201401074300', '0', '青蛙', '2016-01-23 18:05:34', '0', 'System', '2016-01-23 18:02:00', null), ('10', 'B14020229', '蔡宇轩', '18251979790', '苍蝇', '1', '食堂', '2016-01-23 18:00:29', '卡号110201401074300', '0', '熊猫', '2016-01-23 18:05:34', '0', 'System', '2016-01-23 18:02:00', null), ('11', 'B14020229', '蔡宇轩', '18251979790', '驴', '1', '操场地方舒服舒服似的v', '2016-01-23 18:00:29', '卡号110201401074300', '1', '大狗熊', '2016-01-23 18:05:34', '1', 'System', '2016-01-23 18:02:00', null), ('19', 'B14020229', '蔡宇轩', '18251979790', '智商', '1', '食堂', '2016-01-23 18:00:29', '卡号110201401074300', '1', '大狗熊', '2016-01-23 18:05:34', '1', 'System', '2016-01-23 18:02:00', null), ('12', 'B14020229', '蔡宇轩', '18251979790', '校园卡', '1', '食堂', '2016-01-23 18:00:29', '卡号110201401074300', '0', '野猪', '2016-01-23 18:05:34', '0', 'System', '2016-01-23 18:02:00', null), ('13', 'B14020229', '蔡宇轩', '18251979790', '航空母舰【卖了】', '2', '食堂', '2016-01-23 18:00:29', '卡号110201401074300', '1', '野猪', '2016-01-23 18:05:34', '1', 'System', '2016-01-23 18:02:00', ''), ('14', 'B14020229', '蔡宇轩', '18251979790', '校园卡', '2', '成都市v城市的', '2016-01-23 18:00:29', '卡号110201401074300', '1', '大象', '2016-01-23 18:05:34', '0', 'System', '2016-01-23 18:02:00', null), ('15', 'B14020229', '蔡宇轩', '18251979790', '智商', '6', ' 食堂', '2016-01-23 18:00:29', '卡号110201401074300', '0', '青蛙', '2016-01-23 18:05:34', '0', 'System', '2016-01-23 18:02:00', null), ('16', 'B14020229', '蔡宇轩', '18251979790', '校园卡', '1', 'SSVS调查食堂', '2016-01-23 18:00:29', '卡号110201401074300', '0', '熊猫', '2016-01-23 18:05:34', '0', 'System', '2016-01-23 18:02:00', null), ('17', 'B14020229', '蔡宇轩', '', '校园卡', '1', '食堂', '2016-01-23 18:00:29', '卡号110201401074300', '1', '大狗熊', '2016-01-23 18:05:34', '1', 'System', '2016-01-23 18:02:00', null), ('18', 'B14020229', '蔡宇轩', '18251979790', '校园卡', '1', 'DV似的食堂', '2016-01-23 18:00:29', '卡号110201401074300', '0', '野猪', '2016-01-23 18:05:34', '0', 'System', '2016-01-23 18:02:00', null), ('20', 'B14020229', '蔡宇轩', 'c', 'c', '1', 'v', '', '', '0', 'System', '2016-01-27 16:55:30', '0', 'System', '2016-01-27 16:55:30', ''), ('21', 'c', 'c', '110', '好人证', '1', '厕所', '23232', '261c6d1c6dc1', '0', 'System', '2016-01-27 16:58:28', '0', 'System', '2016-01-27 16:58:28', ''), ('22', 'CCDCDCD', 'c但是佛挡杀佛', 'c定时发送', 'c', '5', 'v', 'v发v', '发vv', '0', 'System', '2016-01-27 16:58:51', '0', 'System', '2016-01-27 16:58:51', ''), ('23', '三十岁', 'c但是佛挡杀佛', 'c定时发送', 'c', '5', 'v', 'v发v', '发vv', '0', 'System', '2016-01-27 16:59:10', '0', 'System', '2016-01-27 16:59:10', ''), ('24', 'c多少分', 'c但是佛挡杀佛', 'c定时发送', 'c', '5', 'v', 'v发v', '发vv', '0', 'System', '2016-01-27 17:03:59', '0', 'System', '2016-01-27 17:03:59', ''), ('25', 'c多少分', 'c但是佛挡杀佛', 'c定时发送', 'database', '4', 'v', 'v发v', '发vv', '0', 'System', '2016-01-27 17:04:25', '0', 'System', '2016-01-27 17:04:25', ''), ('26', 'c多少分', 'c但是佛挡杀佛', 'c定时发送', 'c', '5', 'v', 'v发v', '发vv', '0', 'System', '2016-01-27 17:06:37', '0', 'System', '2016-01-27 17:06:37', ''), ('27', 'c多少分', 'c但是佛挡杀佛', 'c定时发送', 'c', '5', 'v', 'v发v', '发vv', '0', 'System', '2016-01-27 17:07:25', '0', 'System', '2016-01-27 17:07:25', ''), ('28', 'c多少分', 'c但是佛挡杀佛', 'c定时发送', 'shit', '8', 'v', 'v发v', '发vv', '0', 'System', '2016-01-27 17:08:33', '0', 'System', '2016-01-27 17:08:33', ''), ('29', 'c多少分', 'c但是佛挡杀佛', 'c定时发送', 'c', '5', 'v', 'v发v', '发vv', '0', 'System', '2016-01-27 17:13:48', '0', 'System', '2016-01-27 17:13:48', ''), ('30', 'c多少分', 'c但是佛挡杀佛', '66666666', 'c', '5', 'v', 'v发v', '发vv', '0', 'System', '2016-01-27 17:14:22', '0', 'System', '2016-01-27 17:14:22', ''), ('31', 'c多少分', 'c但是佛挡杀佛', '66666666', '衣服', '7', '南京南京那你今年', '13131', '发vv', '0', 'System', '2016-01-27 17:15:04', '0', 'System', '2016-01-27 17:15:04', ''), ('32', 'B14010620', '呱呱呱', '100000505', '电脑', '3', '南京', '24日下午3点06分', 'MacBook pro 2015', '0', 'System', '2016-01-27 17:18:24', '0', 'System', '2016-01-27 17:18:24', ''), ('34', 'B1626161', 'cdsvds', 'sc', 'sacsacsacs', '1', 'csacac', 'saacas', 'scaas', '0', 'System', '2016-01-31 11:51:43', '0', 'System', '2016-01-31 11:51:43', ''), ('35', 'B15116166', '菜单的', '115684316153', 'sdcscdscsc', '1', 'sdcds', '', '', '0', 'System', '2016-01-31 11:53:22', '0', 'System', '2016-01-31 11:53:22', ''), ('36', 'B14020229', '蔡宇轩', '534345', '3543453', '1', '543453', '5435', '', '0', 'System', '2016-01-31 11:54:52', '0', 'System', '2016-01-31 11:54:52', ''), ('37', 'B14020229', '蔡宇轩', '2265151', '校园卡', '1', '充电电池', '2016-1-28', '', '1', '蔡宇轩', '2016-01-31 16:18:21', '1', '蔡宇轩', '2016-01-31 16:18:34', '');
COMMIT;

-- ----------------------------
--  Table structure for `Lost`
-- ----------------------------
DROP TABLE IF EXISTS `Lost`;
CREATE TABLE `Lost` (
  `item_id` int(8) NOT NULL AUTO_INCREMENT,
  `student_id` varchar(20) NOT NULL COMMENT '发布人学号',
  `release_name` varchar(20) NOT NULL COMMENT '发布人姓名',
  `tel` varchar(15) NOT NULL COMMENT '电话',
  `item_name` varchar(40) NOT NULL COMMENT '物品名称',
  `type_id` int(8) NOT NULL COMMENT '物品类型id',
  `position` varchar(50) DEFAULT NULL COMMENT '丢失的地点',
  `time` varchar(30) DEFAULT NULL COMMENT '丢失时间',
  `detail` varchar(500) DEFAULT NULL COMMENT '物品描述',
  `retrieve_id` int(8) NOT NULL COMMENT '领取状态id',
  `retrieve_change_person` varchar(20) NOT NULL COMMENT '领取状态更改人',
  `retrieve_change_time` datetime NOT NULL COMMENT '领取状态更新时间',
  `uploadphotos` varchar(100) DEFAULT NULL COMMENT '图',
  PRIMARY KEY (`item_id`)
) ENGINE=MyISAM AUTO_INCREMENT=16 DEFAULT CHARSET=utf8;

-- ----------------------------
--  Records of `Lost`
-- ----------------------------
BEGIN;
INSERT INTO `Lost` VALUES ('1', 'B14020229', '蔡宇轩', '18251979790', '银行卡', '1', '教三101', '2016-01-14 17:28:29', '超级无敌至尊VIP卡', '0', 'System', '2016-01-14 17:29:18', null), ('2', 'B14020229', '蔡宇轩', '18251979790', '银行卡', '1', '教三101', '2016-01-14 17:28:29', '超级无敌至尊VIP卡', '0', 'System', '2016-01-14 17:29:18', null), ('3', 'B14020229', '蔡宇轩', '18251979790', '银行卡', '1', '教三101', '2016-01-14 17:28:29', '超级无敌至尊VIP卡', '0', 'System', '2016-01-14 17:29:18', null), ('4', 'B14020229', '蔡宇轩', '18251979790', '身份证', '1', '教三101', '2016-01-14 17:28:29', '超级无敌至尊VIP卡', '0', 'System', '2016-01-14 17:29:18', null), ('5', 'B14020229', '蔡宇轩', '18251979790', '银行卡', '1', '教三101', '2016-01-14 17:28:29', '超级无敌至尊VIP卡', '0', 'System', '2016-01-14 17:29:18', null), ('6', 'B14020229', '蔡宇轩', '18251979790', '驴', '1', '教三101', '2016-01-14 17:28:29', '超级无敌至尊VIP卡', '0', 'System', '2016-01-14 17:29:18', null), ('7', 'B14020229', '蔡宇轩', '18251979790', '银行卡', '1', '教三101', '2016-01-14 17:28:29', '超级无敌至尊VIP卡', '0', 'System', '2016-01-14 17:29:18', null), ('8', 'B14020229', '蔡宇轩', '18251979790', '银行卡', '1', '教三101', '2016-01-14 17:28:29', '超级无敌至尊VIP卡', '0', 'System', '2016-01-14 17:29:18', null), ('9', 'B100003232', '猪头', '61666454546', '背包', '5', '机场大巴', '2016-01-22 17:32:03', '对对错错吃', '1', 'System', '2016-01-27 17:32:38', null), ('10', 'B100003232', '猪头', '61666454546', 'Dog', '3', '机场大巴', '2016-01-22 17:32:03', '对对错错吃', '1', 'System', '2016-01-27 17:32:38', null), ('11', 'B100003232', '猪头', '61666454546', '背包', '2', '机场大巴', '2016-01-22 17:32:03', '对对错错吃', '1', 'System', '2016-01-27 17:32:38', null), ('12', 'B100003232', '猪头', '61666454546', '青蛙', '8', '机场大巴', '2016-01-22 17:32:03', '对对错错吃', '1', 'System', '2016-01-27 17:32:38', null), ('13', 'B100003232', '猪头', '61666454546', 'dfddsf', '6', '机场大巴', '2016-01-22 17:32:03', '对对错错吃', '1', 'System', '2016-01-27 17:32:38', null), ('15', 'B14020229', '蔡宇轩', '116161616', '吃大餐', '1', '整古做怪整古做怪', '贯通融会', '', '0', '蔡宇轩', '2016-01-31 16:10:26', '');
COMMIT;

-- ----------------------------
--  Table structure for `inform_status`
-- ----------------------------
DROP TABLE IF EXISTS `inform_status`;
CREATE TABLE `inform_status` (
  `inform_id` int(10) NOT NULL,
  `name` varchar(80) DEFAULT NULL,
  PRIMARY KEY (`inform_id`)
) ENGINE=MyISAM DEFAULT CHARSET=utf8;

-- ----------------------------
--  Records of `inform_status`
-- ----------------------------
BEGIN;
INSERT INTO `inform_status` VALUES ('1', '已通知'), ('0', '未通知');
COMMIT;

-- ----------------------------
--  Table structure for `item_type`
-- ----------------------------
DROP TABLE IF EXISTS `item_type`;
CREATE TABLE `item_type` (
  `type_id` int(10) NOT NULL COMMENT '物品类型',
  `name` varchar(40) NOT NULL COMMENT '物品类别',
  `category` varchar(30) NOT NULL,
  PRIMARY KEY (`type_id`)
) ENGINE=MyISAM DEFAULT CHARSET=utf8;

-- ----------------------------
--  Records of `item_type`
-- ----------------------------
BEGIN;
INSERT INTO `item_type` VALUES ('1', '校园卡/证件', 'Cards'), ('2', 'U盘/存储设备', 'StorageDevices'), ('3', '手机/电脑', 'Cellphones'), ('4', '相机/数码产品', 'CamerasAndOthers'), ('5', '钱包/箱包', 'Bags'), ('6', '图书/书刊', 'Books'), ('7', '衣物/鞋帽', 'Clothes'), ('8', '其他', 'Others');
COMMIT;

-- ----------------------------
--  Table structure for `receive_status`
-- ----------------------------
DROP TABLE IF EXISTS `receive_status`;
CREATE TABLE `receive_status` (
  `receive_id` int(10) NOT NULL,
  `name` varchar(80) DEFAULT NULL,
  PRIMARY KEY (`receive_id`)
) ENGINE=MyISAM DEFAULT CHARSET=utf8;

-- ----------------------------
--  Records of `receive_status`
-- ----------------------------
BEGIN;
INSERT INTO `receive_status` VALUES ('0', '未领取'), ('1', '已领取'), ('2', '已移交');
COMMIT;

-- ----------------------------
--  Table structure for `retrieve_status`
-- ----------------------------
DROP TABLE IF EXISTS `retrieve_status`;
CREATE TABLE `retrieve_status` (
  `retrieve_id` int(10) NOT NULL,
  `name` varchar(20) NOT NULL,
  PRIMARY KEY (`retrieve_id`)
) ENGINE=MyISAM DEFAULT CHARSET=utf8;

-- ----------------------------
--  Records of `retrieve_status`
-- ----------------------------
BEGIN;
INSERT INTO `retrieve_status` VALUES ('0', '未找回'), ('1', '已找回');
COMMIT;

SET FOREIGN_KEY_CHECKS = 1;
