/*
 Navicat Premium Data Transfer

 Source Server         : Iocalhost
 Source Server Type    : MySQL
 Source Server Version : 50710
 Source Host           : localhost
 Source Database       : lost_found

 Target Server Type    : MySQL
 Target Server Version : 50710
 File Encoding         : utf-8

 Date: 03/05/2016 11:17:58 AM
*/

SET NAMES utf8;
SET FOREIGN_KEY_CHECKS = 0;

-- ----------------------------
--  Table structure for `Found`
-- ----------------------------
DROP TABLE IF EXISTS `Found`;
CREATE TABLE `Found` (
  `item_id` int(8) NOT NULL AUTO_INCREMENT,
  `student_id` varchar(20) NOT NULL COMMENT '发布人学号',
  `release_name` varchar(20) NOT NULL COMMENT '发布人姓名',
  `tel` varchar(15) NOT NULL COMMENT '电话',
  `item_name` varchar(40) NOT NULL COMMENT '物品名称',
  `type_id` int(8) NOT NULL COMMENT '物品类型id',
  `position` varchar(300) DEFAULT NULL COMMENT '捡到的地点',
  `time` varchar(40) DEFAULT NULL,
  `detail` varchar(500) DEFAULT NULL COMMENT '物品描述',
  `inform_id` int(8) NOT NULL,
  `inform_change_person` varchar(20) NOT NULL,
  `inform_change_time` datetime NOT NULL,
  `receive_id` int(8) NOT NULL,
  `receive_change_person` varchar(20) NOT NULL,
  `receive_change_time` datetime NOT NULL,
  `uploadphotos` varchar(400) DEFAULT NULL,
  PRIMARY KEY (`item_id`)
) ENGINE=MyISAM AUTO_INCREMENT=83 DEFAULT CHARSET=utf8;

-- ----------------------------
--  Records of `Found`
-- ----------------------------
BEGIN;
INSERT INTO `Found` VALUES ('66', 'Admin', '管理员', '11556', '的', '3', '', '', '', '0', '管理员', '2016-03-02 11:55:04', '0', '管理员', '2016-03-02 11:55:04', ''), ('2', 'B15010601', '王大锤', '18251979790', 'U盘', '2', '食堂', '2016-01-23 18:00:29', 'textarea竟然没有value属性= =', '1', '蔡宇轩', '2016-01-23 18:05:34', '0', 'System', '2016-01-23 18:02:00', ''), ('3', 'B14020229', '蔡宇轩', '18251979790', '野猪', '1', '多吃蔬菜时代', '2016-01-23 18:00:29', '卡号110201401074300', '1', '蔡宇轩', '2016-01-23 18:05:34', '1', 'System', '2016-01-23 18:02:00', null), ('4', 'B14020229', '蔡宇轩', '18251979790', '校园卡', '3', '食堂', '2016-01-23 18:00:29', '卡号110201401074300', '1', '蔡宇轩', '2016-01-23 18:05:34', '0', 'System', '2016-01-23 18:02:00', null), ('5', 'B14036261', '二狗', '18251979790', '校园卡', '2', '江西省超能警察', '2016-01-23 18:00:29', '卡号110201401074300', '1', '蔡宇轩', '2016-01-23 18:05:34', '1', 'System', '2016-01-23 18:02:00', null), ('6', 'B14020229', '蔡宇轩', '18251979790', '柴犬', '1', '食堂', '2016-01-23 18:00:29', '卡号110201401074300', '0', '夜宵', '2016-01-23 18:05:34', '0', 'System', '2016-01-23 18:02:00', null), ('7', 'B14020229', '蔡宇轩', '18251979790', '大象', '1', '食堂', '2016-01-23 18:00:29', '卡号110201401074300', '0', '野猪', '2016-01-23 18:05:34', '0', 'System', '2016-01-23 18:02:00', null), ('8', 'B14020229', '蔡宇轩', '18251979790', '狗屎', '1', '食堂', '2016-01-23 18:00:29', '卡号110201401074300', '1', '大象', '2016-01-23 18:05:34', '0', 'System', '2016-01-23 18:02:00', null), ('9', 'B14020229', '蔡宇轩', '18251979790', '东西', '6', '教三', '2016-01-23 18:00:29', '卡号110201401074300', '0', '青蛙', '2016-01-23 18:05:34', '0', 'System', '2016-01-23 18:02:00', null), ('10', 'B14020229', '蔡宇轩', '18251979790', '苍蝇', '1', '食堂', '2016-01-23 18:00:29', '卡号110201401074300', '0', '熊猫', '2016-01-23 18:05:34', '0', 'System', '2016-01-23 18:02:00', null), ('11', 'B14020229', '蔡宇轩', '18251979790', '驴', '1', '操场地方舒服舒服似的v', '2016-01-23 18:00:29', '卡号110201401074300', '1', '大狗熊', '2016-01-23 18:05:34', '1', 'System', '2016-01-23 18:02:00', null), ('19', 'B14020229', '蔡宇轩', '18251979790', '智商', '1', '食堂', '2016-01-23 18:00:29', '卡号110201401074300', '1', '大狗熊', '2016-01-23 18:05:34', '0', '蔡宇轩', '2016-02-27 14:24:05', null), ('12', 'B14020229', '蔡宇轩', '18251979790', '校园卡', '1', '食堂', '2016-01-23 18:00:29', '卡号110201401074300', '0', '野猪', '2016-01-23 18:05:34', '0', 'System', '2016-01-23 18:02:00', null), ('13', 'B14020229', '蔡宇轩', '18251979790', '航空母舰【卖了】', '2', '食堂', '2016-01-23 18:00:29', '卡号110201401074300', '1', '野猪', '2016-01-23 18:05:34', '1', 'System', '2016-01-23 18:02:00', ''), ('14', 'B14020229', '蔡宇轩', '18251979790', '校园卡', '2', '成都市v城市的', '2016-01-23 18:00:29', '卡号110201401074300', '1', '大象', '2016-01-23 18:05:34', '0', 'System', '2016-01-23 18:02:00', null), ('15', 'B14020229', '蔡宇轩', '18251979790', '智商', '6', ' 食堂', '2016-01-23 18:00:29', '卡号110201401074300', '0', '青蛙', '2016-01-23 18:05:34', '0', 'System', '2016-01-23 18:02:00', null), ('16', 'B14020229', '蔡宇轩', '18251979790', '校园卡', '1', 'SSVS调查食堂', '2016-01-23 18:00:29', '卡号110201401074300', '0', '熊猫', '2016-01-23 18:05:34', '0', 'System', '2016-01-23 18:02:00', null), ('59', 'Admin', '管理员', '4343242343', '才', '2', null, null, null, '0', '管理员', '2016-03-02 09:15:45', '0', '管理员', '2016-03-02 09:15:45', null), ('58', 'Admin', '管理员', '1515631313', '雨', '2', null, null, null, '0', '管理员', '2016-03-02 09:11:26', '0', '管理员', '2016-03-02 09:11:26', ''), ('60', 'Admin', '管理员', 'fgfdg', 'gfgf', '2', null, null, null, '0', '管理员', '2016-03-02 09:24:00', '0', '管理员', '2016-03-02 09:24:00', ''), ('32', 'c多少分', 'c但是佛挡杀佛', 'c定时发送', 'c', '5', 'v', 'v发v', '发vv', '0', 'System', '2016-01-27 17:03:59', '0', 'System', '2016-01-27 17:03:59', ''), ('24', 'c多少分', 'c但是佛挡杀佛', 'c定时发送', 'c', '5', 'v', 'v发v', '发vv', '0', 'System', '2016-01-27 17:03:59', '0', 'System', '2016-01-27 17:03:59', ''), ('25', 'c多少分', 'c但是佛挡杀佛', 'c定时发送', 'database', '4', 'v', 'v发v', '发vv', '0', 'System', '2016-01-27 17:04:25', '0', 'System', '2016-01-27 17:04:25', ''), ('26', 'c多少分', 'c但是佛挡杀佛', 'c定时发送', 'c', '5', 'v', 'v发v', '发vv', '0', 'System', '2016-01-27 17:06:37', '0', 'System', '2016-01-27 17:06:37', ''), ('27', 'c多少分', 'c但是佛挡杀佛', 'c定时dsf', '【猪头】', '5', 'vddd', '费电分77', '发vvcccc解决hh', '0', '管理员', '2016-02-28 14:34:37', '0', '管理员', '2016-02-28 14:37:28', ''), ('34', 'c多少分', 'c但是佛挡杀佛', 'c定时发送', 'c', '5', 'v', 'v发v', '发vv', '0', 'System', '2016-01-27 17:06:37', '0', 'System', '2016-01-27 17:06:37', ''), ('30', 'B14020229', '蔡宇轩', '18251979790', '眼镜', '8', '教三123', '2016-2-21 14:25:35', '黑色半框', '1', '管理员', '2016-02-28 18:32:10', '0', '蔡宇轩', '2016-02-21 23:25:10', 'ddd.jpg'), ('35', 'c多少分', 'c但是佛挡杀佛', 'c定时dsf', '【猪头】', '5', 'vddd', '费电分77', '发vvcccc解决hh', '0', '管理员', '2016-02-28 14:34:37', '0', '管理员', '2016-02-28 14:37:28', ''), ('31', 'B14020229', '蔡宇轩', '18251979790', '眼镜', '8', '教三123', '2016-2-21 14:25:35', '黑色半框', '1', '管理员', '2016-02-28 18:32:10', '0', '蔡宇轩', '2016-02-21 23:25:10', 'ddd.jpg'), ('33', 'c多少分', 'c但是佛挡杀佛', 'c定时发送', 'database', '4', 'v', 'v发v', '发vv', '0', 'System', '2016-01-27 17:04:25', '0', 'System', '2016-01-27 17:04:25', ''), ('37', 'B14020229', '蔡宇轩', '18251979790', '眼镜', '8', '教三123', '2016-2-21 14:25:35', '黑色半框', '1', '管理员', '2016-02-28 18:32:10', '0', '蔡宇轩', '2016-02-21 23:25:10', 'ddd.jpg'), ('65', 'Admin', '管理员', '从', '从', '5', null, null, null, '0', '管理员', '2016-03-02 11:42:54', '0', '管理员', '2016-03-02 11:42:54', 'lostfound/130.jpg'), ('62', 'Admin', '管理员', 'c', 'c', '2', null, null, null, '0', '管理员', '2016-03-02 09:28:06', '0', '管理员', '2016-03-02 09:28:06', 'lostfound/132.jpg '), ('36', 'B14020229', '蔡宇轩', '18251979790', '眼镜', '8', '教三123', '2016-2-21 14:25:35', '黑色半框', '1', '管理员', '2016-02-28 18:32:10', '0', '蔡宇轩', '2016-02-21 23:25:10', 'ddd.jpg'), ('64', 'Admin', '管理员', '从', '从', '5', null, null, null, '0', '管理员', '2016-03-02 11:42:32', '0', '管理员', '2016-03-02 11:42:32', 'lostfound/130.jpg'), ('61', 'Admin', '管理员', 'c', 'c', '2', null, null, null, '0', '管理员', '2016-03-02 09:27:43', '0', '管理员', '2016-03-02 09:27:43', ''), ('54', 'Admin', '管理员', '1566118185', '自行车', '8', '学校门口', '20160225', '尽管 Vue.js 提供了 API 动态地添加响应属性，还是推荐在 data 对象上声明所有的响应属性。\n不这么做：\n尽管 Vue.js 提供了 API 动态地添加响应属性，还是推荐在 data 对象上声明所有的响应属性。\n\n不这么做：\n\n尽管 Vue.js 提供了 API 动态地添加响应属性，还是推荐在 data 对象上声明所有的响应属性。\n不这么做：\n尽管 Vue.js 提供了 API 动态地添加响应属性，还是推荐在 data 对象上声明所有的', '0', '管理员', '2016-02-28 22:22:01', '0', '管理员', '2016-02-28 22:22:01', null), ('53', 'Admin', '管理员', 'ccx', 'ccc', '9', 'cxc', 'fdsf', null, '0', '管理员', '2016-02-28 22:20:18', '0', '管理员', '2016-02-28 22:20:18', null), ('67', 'Admin', '管理员', '61651', 'vv', '1', '', null, null, '0', '管理员', '2016-03-02 11:57:52', '0', '管理员', '2016-03-02 11:57:52', ''), ('68', 'Admin', '管理员', '165315', '从', '2', null, null, null, '0', '管理员', '2016-03-02 12:01:41', '0', '管理员', '2016-03-02 12:01:41', ''), ('69', 'Admin', '管理员', 'scscsa', 'cc', '3', 'sad', null, null, '0', '管理员', '2016-03-02 12:04:10', '0', '管理员', '2016-03-02 12:04:10', 'lostfound/131.jpg'), ('70', 'Admin', '管理员', 'vvfdvfv', 'v', '2', null, null, null, '0', '管理员', '2016-03-02 15:44:13', '0', '管理员', '2016-03-02 15:44:13', 'lostfound/爱吃烤鱼.gif'), ('71', 'Admin', '管理员', 'cxcxc', 'c', '4', null, null, null, '0', '管理员', '2016-03-02 15:51:42', '0', '管理员', '2016-03-02 15:51:42', 'lostfound/130.jpg'), ('72', 'Admin', '管理员', 'cxcxc', 'c', '4', null, null, null, '0', '管理员', '2016-03-02 15:52:33', '0', '管理员', '2016-03-02 15:52:33', 'lostfound/130.jpg'), ('73', '7', 'Father', '1835252521·', '咕噜噜', '2', '好好的', '点赛电点赛电', '是的是的', '1', 'Father', '2016-03-03 23:32:47', '2', 'Father', '2016-03-03 23:32:57', 'lostfound/130.jpg'), ('74', '7', 'Father', '18251979790', '夜宵', '1', '食堂', '20160302', '提示: 指定图像的高度和宽度的一个很好的习惯。如果图像指定了高度宽度，页面加载时就会保留指定的尺寸。如果没有指定图片的大小，加载页面时有可能会破坏HTML页面的整体布局。提示: 指定图像的高度和宽度的一个很好的习惯。如果图像指定了高度宽度，页面加载时就会保留指定的尺寸。如果没有指定图片的大小，加载页面时有可能会破坏HTML页面的整体布局。', '0', '管理员', '2016-03-02 23:01:22', '0', '管理员', '2016-03-02 23:01:22', 'lostfound/2016-03-02T15:01:13.509ZIMG_7452-2副本.jpg'), ('81', '7', '爸爸', 'dss', 'dsdcds', '1', 'sadsad', 'sa', '', '0', 'abcd', '2016-03-03 15:10:20', '0', 'abcd', '2016-03-03 15:10:20', 'lostfound/126.jpg'), ('82', 'B14020229', '蔡宇轩', 'cccc', '3ccc', '1', null, null, null, '0', '蔡宇轩', '2016-03-04 23:14:31', '0', '蔡宇轩', '2016-03-04 23:14:31', null);
COMMIT;

-- ----------------------------
--  Table structure for `Lost`
-- ----------------------------
DROP TABLE IF EXISTS `Lost`;
CREATE TABLE `Lost` (
  `item_id` int(8) NOT NULL AUTO_INCREMENT,
  `student_id` varchar(20) NOT NULL COMMENT '发布人学号',
  `release_name` varchar(20) NOT NULL COMMENT '发布人姓名',
  `tel` varchar(15) NOT NULL COMMENT '电话',
  `item_name` varchar(40) NOT NULL COMMENT '物品名称',
  `type_id` int(8) NOT NULL COMMENT '物品类型id',
  `position` varchar(50) DEFAULT NULL COMMENT '丢失的地点',
  `time` varchar(30) DEFAULT NULL COMMENT '丢失时间',
  `detail` varchar(500) DEFAULT NULL COMMENT '物品描述',
  `retrieve_id` int(8) NOT NULL COMMENT '领取状态id',
  `retrieve_change_person` varchar(20) NOT NULL COMMENT '领取状态更改人',
  `retrieve_change_time` datetime NOT NULL COMMENT '领取状态更新时间',
  `uploadphotos` varchar(400) DEFAULT NULL COMMENT '图',
  PRIMARY KEY (`item_id`)
) ENGINE=MyISAM AUTO_INCREMENT=19 DEFAULT CHARSET=utf8;

-- ----------------------------
--  Records of `Lost`
-- ----------------------------
BEGIN;
INSERT INTO `Lost` VALUES ('1', 'B14020229', '蔡宇轩', '18251979790', '银行卡', '1', '教三101', '2016-01-14 17:28:29', '超级无敌至尊VIP卡', '0', 'System', '2016-01-14 17:29:18', null), ('2', 'B14020229', '蔡宇轩', '18251979790', '银行卡', '1', '教三101', '2016-01-14 17:28:29', '超级无敌至尊VIP卡', '0', 'System', '2016-01-14 17:29:18', null), ('3', 'B14020229', '蔡宇轩', '18251979790', '银行卡', '1', '教三101', '2016-01-14 17:28:29', '超级无敌至尊VIP卡', '0', 'System', '2016-01-14 17:29:18', null), ('4', 'B14020229', '蔡宇轩', '18251979790', '身份证', '1', '教三101', '2016-01-14 17:28:29', '超级无敌至尊VIP卡', '0', 'System', '2016-01-14 17:29:18', null), ('5', 'B14020229', '蔡宇轩', '18251979790', '银行卡', '1', '教三101', '2016-01-14 17:28:29', '超级无敌至尊VIP卡', '0', 'System', '2016-01-14 17:29:18', null), ('6', 'B14020229', '蔡宇轩', '18251979790', '驴', '1', '教三101', '2016-01-14 17:28:29', '超级无敌至尊VIP卡', '0', 'System', '2016-01-14 17:29:18', null), ('7', 'B14020229', '蔡宇轩', '18251979790', '银行卡', '1', '教三101', '2016-01-14 17:28:29', '超级无敌至尊VIP卡', '0', 'System', '2016-01-14 17:29:18', null), ('8', 'B14020229', '蔡宇轩', '18251979790', '银行卡', '1', '教三101', '2016-01-14 17:28:29', '超级无敌至尊VIP卡', '0', 'System', '2016-01-14 17:29:18', null), ('9', 'B100003232', '猪头', '61666454546', '背包', '5', '机场大巴', '2016-01-22 17:32:03', '对对错错吃', '1', 'System', '2016-01-27 17:32:38', null), ('10', 'B100003232', '猪头', '61666454546', 'Dog', '3', '机场大巴', '2016-01-22 17:32:03', '对对错错吃', '1', 'System', '2016-01-27 17:32:38', null), ('11', 'B100003232', '猪头', '61666454546', '背包', '2', '机场大巴', '2016-01-22 17:32:03', '对对错错吃', '1', 'System', '2016-01-27 17:32:38', null), ('12', 'B100003232', '猪头', '61666454546', '青蛙', '8', '机场大巴', '2016-01-22 17:32:03', '对对错错吃', '1', 'System', '2016-01-27 17:32:38', null), ('17', '7', 'Father', '写东西的士速递的', '想', '2', '成都市s', '似的d', 'd 圣诞树', '0', 'Father', '2016-03-04 13:22:32', ''), ('18', '7', 'Father', '屙啡啡', '对策', '1', null, null, null, '0', 'Father', '2016-03-04 13:25:02', 'lostfound/2016-03-04T05:24:54.041Z2016-03-03T05-15-47.800ZcVIwZmlHUHphQnJyM2VHMjVpMkdVWG0yWDNuTTI3OUxxSE15VWlRWloyVTJrQURRT1cxNmxnPT0.jpg');
COMMIT;

-- ----------------------------
--  Table structure for `inform_status`
-- ----------------------------
DROP TABLE IF EXISTS `inform_status`;
CREATE TABLE `inform_status` (
  `inform_id` int(10) NOT NULL,
  `name` varchar(80) DEFAULT NULL,
  PRIMARY KEY (`inform_id`)
) ENGINE=MyISAM DEFAULT CHARSET=utf8;

-- ----------------------------
--  Records of `inform_status`
-- ----------------------------
BEGIN;
INSERT INTO `inform_status` VALUES ('1', '已通知'), ('0', '未通知');
COMMIT;

-- ----------------------------
--  Table structure for `item_type`
-- ----------------------------
DROP TABLE IF EXISTS `item_type`;
CREATE TABLE `item_type` (
  `type_id` int(10) NOT NULL COMMENT '物品类型',
  `name` varchar(40) NOT NULL COMMENT '物品类别',
  `category` varchar(30) NOT NULL,
  PRIMARY KEY (`type_id`)
) ENGINE=MyISAM DEFAULT CHARSET=utf8;

-- ----------------------------
--  Records of `item_type`
-- ----------------------------
BEGIN;
INSERT INTO `item_type` VALUES ('1', '校园卡/证件', 'Cards'), ('2', 'U盘/存储设备', 'StorageDevices'), ('3', '手机/电脑', 'Cellphones'), ('4', '相机/数码产品', 'CamerasAndOthers'), ('5', '钱包/箱包', 'Bags'), ('6', '图书/书刊', 'Books'), ('7', '衣物/鞋帽', 'Clothes'), ('8', '自行车/交通工具', 'Bicycles'), ('9', '其它', 'Others');
COMMIT;

-- ----------------------------
--  Table structure for `receive_status`
-- ----------------------------
DROP TABLE IF EXISTS `receive_status`;
CREATE TABLE `receive_status` (
  `receive_id` int(10) NOT NULL,
  `name` varchar(80) DEFAULT NULL,
  PRIMARY KEY (`receive_id`)
) ENGINE=MyISAM DEFAULT CHARSET=utf8;

-- ----------------------------
--  Records of `receive_status`
-- ----------------------------
BEGIN;
INSERT INTO `receive_status` VALUES ('0', '未领取'), ('1', '已领取'), ('2', '已移交');
COMMIT;

-- ----------------------------
--  Table structure for `retrieve_status`
-- ----------------------------
DROP TABLE IF EXISTS `retrieve_status`;
CREATE TABLE `retrieve_status` (
  `retrieve_id` int(10) NOT NULL,
  `name` varchar(20) NOT NULL,
  PRIMARY KEY (`retrieve_id`)
) ENGINE=MyISAM DEFAULT CHARSET=utf8;

-- ----------------------------
--  Records of `retrieve_status`
-- ----------------------------
BEGIN;
INSERT INTO `retrieve_status` VALUES ('0', '未找回'), ('1', '已找回');
COMMIT;

SET FOREIGN_KEY_CHECKS = 1;
